{
  "libVersion": "3.13.1",
  "projectname": "%E9%93%9C%E6%B9%BE%E6%B0%B4%E5%BA%93%E6%B0%B4%E6%96%87%E7%9B%91%E6%B5%8B",
  "condition": {},
  "setting": {
    "urlCheck": true,
    "coverView": true,
    "lazyloadPlaceholderEnable": false,
    "skylineRenderEnable": false,
    "preloadBackgroundData": false,
    "autoAudits": false,
    "useApiHook": true,
    "useApiHostProcess": true,
    "showShadowRootInWxmlPanel": true,
    "useStaticServer": false,
    "useLanDebug": false,
    "showES6CompileOption": false,
    "compileHotReLoad": true,
    "checkInvalidKey": true,
    "ignoreDevUnusedFiles": true,
    "bigPackageSizeSupport": false,
    "useIsolateContext": true
  }
}